file_path,label,dataset_source,camera,sequence_day,weather,lighting_tag,occlusion_tag,frame_token,slot_token,split,sha256,review_id,annotation_source,notes
data/raw/dataset_b/subset/PATCHES/OVERCAST/2015-11-16/camera1/O_2015-11-16_08.40_C01_228.jpg,0,dataset_b,01,2015-11-16,OVERCAST,NORMAL,NONE,2015-11-16_08.40,228,external,199c52b1f6881ce6e63bb7019fddf2121d4f5470746fc93290e7ec1a0530490e,1,assistant_visual_review_of_original_crop_contact_sheet,"Subjective crop-level visual tag, not an official dataset annotation. "
data/raw/dataset_b/subset/PATCHES/OVERCAST/2015-11-16/camera2/O_2015-11-16_08.14_C02_184.jpg,1,dataset_b,02,2015-11-16,OVERCAST,NORMAL,PARTIAL,2015-11-16_08.14,184,external,41f2f3b159f53154195e8a6d2fdc9652345d9afbdc95e183a1e994a20b2676bf,2,assistant_visual_review_of_original_crop_contact_sheet,"Subjective crop-level visual tag, not an official dataset annotation. Visible foreground branches, post, person, or neighboring vehicle intrudes into crop. "
data/raw/dataset_b/subset/PATCHES/OVERCAST/2015-11-16/camera2/O_2015-11-16_08.14_C02_187.jpg,0,dataset_b,02,2015-11-16,OVERCAST,NORMAL,NONE,2015-11-16_08.14,187,external,b94e929b11c16aec7e7fa0a0fe6a181007f2ae774be74e33b59b9f8ea3db68fd,3,assistant_visual_review_of_original_crop_contact_sheet,"Subjective crop-level visual tag, not an official dataset annotation. "
data/raw/dataset_b/subset/PATCHES/OVERCAST/2015-11-16/camera4/O_2015-11-16_08.46_C04_265.jpg,0,dataset_b,04,2015-11-16,OVERCAST,NORMAL,NONE,2015-11-16_08.46,265,external,82b66510a47d031fc19b5228bfb8f0ca7ba681554e0e8544f265ee1d91ff67e3,4,assistant_visual_review_of_original_crop_contact_sheet,"Subjective crop-level visual tag, not an official dataset annotation. "
data/raw/dataset_b/subset/PATCHES/OVERCAST/2015-11-16/camera5/O_2015-11-16_12.18_C05_228.jpg,1,dataset_b,05,2015-11-16,OVERCAST,NORMAL,NONE,2015-11-16_12.18,228,external,fb98dc33dff26965455b5041c25b8e5673dcd0610039ab59084ce69d6c79c6f6,5,assistant_visual_review_of_original_crop_contact_sheet,"Subjective crop-level visual tag, not an official dataset annotation. "
data/raw/dataset_b/subset/PATCHES/OVERCAST/2015-11-16/camera8/O_2015-11-16_13.00_C08_286.jpg,1,dataset_b,08,2015-11-16,OVERCAST,NORMAL,PARTIAL,2015-11-16_13.00,286,external,bbc6f97d9e7263e7df7834e9f3661e410ab9f01f40dcf56245dfecc5ad9fcec8,6,assistant_visual_review_of_original_crop_contact_sheet,"Subjective crop-level visual tag, not an official dataset annotation. Visible foreground branches, post, person, or neighboring vehicle intrudes into crop. "
data/raw/dataset_b/subset/PATCHES/OVERCAST/2015-11-16/camera9/O_2015-11-16_16.17_C09_294.jpg,1,dataset_b,09,2015-11-16,OVERCAST,NORMAL,NONE,2015-11-16_16.17,294,external,c1735a1117606005a5260561b24b806e31e501e5ca20bece2f70f52913691088,7,assistant_visual_review_of_original_crop_contact_sheet,"Subjective crop-level visual tag, not an official dataset annotation. "
data/raw/dataset_b/subset/PATCHES/OVERCAST/2015-11-20/camera2/O_2015-11-20_08.14_C02_188.jpg,0,dataset_b,02,2015-11-20,OVERCAST,NORMAL,PARTIAL,2015-11-20_08.14,188,external,9ceed008498136fa63416e98758e426be2ca94bdab3135cf7ea31d5802adc397,8,assistant_visual_review_of_original_crop_contact_sheet,"Subjective crop-level visual tag, not an official dataset annotation. Visible foreground branches, post, person, or neighboring vehicle intrudes into crop. "
data/raw/dataset_b/subset/PATCHES/OVERCAST/2015-11-20/camera2/O_2015-11-20_14.14_C02_186.jpg,1,dataset_b,02,2015-11-20,OVERCAST,NORMAL,PARTIAL,2015-11-20_14.14,186,external,81121b69795bb5f10fbb6f350c35582f7147b2ff866227dc880f1809bbcf4407,9,assistant_visual_review_of_original_crop_contact_sheet,"Subjective crop-level visual tag, not an official dataset annotation. Visible foreground branches, post, person, or neighboring vehicle intrudes into crop. "
data/raw/dataset_b/subset/PATCHES/OVERCAST/2015-11-20/camera4/O_2015-11-20_09.16_C04_223.jpg,0,dataset_b,04,2015-11-20,OVERCAST,NORMAL,NONE,2015-11-20_09.16,223,external,eb8266527c447fca8b39b882446fea95abe5a6284bc265e0d58a3695f4b7d07b,10,assistant_visual_review_of_original_crop_contact_sheet,"Subjective crop-level visual tag, not an official dataset annotation. "
data/raw/dataset_b/subset/PATCHES/OVERCAST/2015-11-20/camera5/O_2015-11-20_13.00_C05_236.jpg,1,dataset_b,05,2015-11-20,OVERCAST,NORMAL,NONE,2015-11-20_13.00,236,external,cb5e73bb21d04ea0e634f46b238a2a82d908d9a5ef5a2a720547c64a419477a6,11,assistant_visual_review_of_original_crop_contact_sheet,"Subjective crop-level visual tag, not an official dataset annotation. "
data/raw/dataset_b/subset/PATCHES/OVERCAST/2015-11-20/camera7/O_2015-11-20_12.48_C07_279.jpg,1,dataset_b,07,2015-11-20,OVERCAST,NORMAL,NONE,2015-11-20_12.48,279,external,c2e986ac9f4c7bc03d11d055cd33abe2056248d1ca998ecb7fe197bb92345557,12,assistant_visual_review_of_original_crop_contact_sheet,"Subjective crop-level visual tag, not an official dataset annotation. "
data/raw/dataset_b/subset/PATCHES/OVERCAST/2015-11-20/camera9/O_2015-11-20_09.47_C09_291.jpg,0,dataset_b,09,2015-11-20,OVERCAST,NORMAL,NONE,2015-11-20_09.47,291,external,a130deee9598d8a908cec45ad4ff3e20b480ccc07c4f154f7ac6f18880f8492c,13,assistant_visual_review_of_original_crop_contact_sheet,"Subjective crop-level visual tag, not an official dataset annotation. "
data/raw/dataset_b/subset/PATCHES/OVERCAST/2015-11-25/camera7/O_2015-11-25_09.49_C07_244.jpg,1,dataset_b,07,2015-11-25,OVERCAST,NORMAL,NONE,2015-11-25_09.49,244,external,929b58a202482c9fde5934511511454c44a201c522cc3a7efbbad20e1492c80c,14,assistant_visual_review_of_original_crop_contact_sheet,"Subjective crop-level visual tag, not an official dataset annotation. "
data/raw/dataset_b/subset/PATCHES/OVERCAST/2015-11-25/camera9/O_2015-11-25_08.17_C09_258.jpg,0,dataset_b,09,2015-11-25,OVERCAST,NORMAL,NONE,2015-11-25_08.17,258,external,f7b27cb08b943645998bd8d32e3062715886b577f22425a5f3cce150a09b4cea,15,assistant_visual_review_of_original_crop_contact_sheet,"Subjective crop-level visual tag, not an official dataset annotation. "
data/raw/dataset_b/subset/PATCHES/OVERCAST/2015-11-29/camera3/O_2015-11-29_16.16_C03_221.jpg,1,dataset_b,03,2015-11-29,OVERCAST,NORMAL,NONE,2015-11-29_16.16,221,external,8b50043f3f009054f438a7454e3662779aeaf63c7af01a564e8915398de75f23,16,assistant_visual_review_of_original_crop_contact_sheet,"Subjective crop-level visual tag, not an official dataset annotation. "
data/raw/dataset_b/subset/PATCHES/OVERCAST/2015-11-29/camera4/O_2015-11-29_12.47_C04_608.jpg,0,dataset_b,04,2015-11-29,OVERCAST,NORMAL,NONE,2015-11-29_12.47,608,external,e75580c1305b8978942aed36cfc20f4d466a6a20cbb1245e6b0b1665c7fab2b5,17,assistant_visual_review_of_original_crop_contact_sheet,"Subjective crop-level visual tag, not an official dataset annotation. "
data/raw/dataset_b/subset/PATCHES/OVERCAST/2015-11-29/camera5/O_2015-11-29_13.18_C05_609.jpg,1,dataset_b,05,2015-11-29,OVERCAST,NORMAL,NONE,2015-11-29_13.18,609,external,c42297a0ccba74aa6f6d0987076669fc89dd8389c6aa115c4fa3babac511c748,18,assistant_visual_review_of_original_crop_contact_sheet,"Subjective crop-level visual tag, not an official dataset annotation. "
data/raw/dataset_b/subset/PATCHES/OVERCAST/2015-11-29/camera7/O_2015-11-29_13.49_C07_281.jpg,0,dataset_b,07,2015-11-29,OVERCAST,DARK,NONE,2015-11-29_13.49,281,external,2e1f4736bfdddb26be59c631a2c5c18765d1061f37a70359b13739f516d2f1e6,19,assistant_visual_review_of_original_crop_contact_sheet,"Subjective crop-level visual tag, not an official dataset annotation. Visually low illumination or very dark appearance. "
data/raw/dataset_b/subset/PATCHES/OVERCAST/2015-11-29/camera9/O_2015-11-29_12.47_C09_331.jpg,1,dataset_b,09,2015-11-29,OVERCAST,DARK,PARTIAL,2015-11-29_12.47,331,external,7257939a2a113c992a957519993fa65cc1926de9227bd7c0e36f7ee84af9974f,20,assistant_visual_review_of_original_crop_contact_sheet,"Subjective crop-level visual tag, not an official dataset annotation. Visible foreground branches, post, person, or neighboring vehicle intrudes into crop. Visually low illumination or very dark appearance. "
data/raw/dataset_b/subset/PATCHES/OVERCAST/2015-12-03/camera3/O_2015-12-03_09.16_C03_299.jpg,0,dataset_b,03,2015-12-03,OVERCAST,NORMAL,NONE,2015-12-03_09.16,299,external,b4a843d8dd746d779d08d752b2c3f6fb0ddfed489a80957d845adfb5a6443a3e,21,assistant_visual_review_of_original_crop_contact_sheet,"Subjective crop-level visual tag, not an official dataset annotation. "
data/raw/dataset_b/subset/PATCHES/OVERCAST/2015-12-03/camera5/O_2015-12-03_15.18_C05_234.jpg,1,dataset_b,05,2015-12-03,OVERCAST,NORMAL,NONE,2015-12-03_15.18,234,external,2f49f3b7945d2f73ba2a947681e390c2661e9e5bd3f0cd8e99f96ad7979ab36c,22,assistant_visual_review_of_original_crop_contact_sheet,"Subjective crop-level visual tag, not an official dataset annotation. "
data/raw/dataset_b/subset/PATCHES/OVERCAST/2015-12-03/camera8/O_2015-12-03_15.53_C08_284.jpg,1,dataset_b,08,2015-12-03,OVERCAST,NORMAL,NONE,2015-12-03_15.53,284,external,fa1a620bab301699cd24f9242b946fb0527bd3cb2e7091d1fd66bafd6b9c9059,23,assistant_visual_review_of_original_crop_contact_sheet,"Subjective crop-level visual tag, not an official dataset annotation. "
data/raw/dataset_b/subset/PATCHES/OVERCAST/2015-12-18/camera1/O_2015-12-18_07.48_C01_191.jpg,0,dataset_b,01,2015-12-18,OVERCAST,NORMAL,NONE,2015-12-18_07.48,191,external,27d6dbd2adf7e72d9277ab662e8ed4f6cfaa267bd8aa28cf8c409608d3c6b7ba,24,assistant_visual_review_of_original_crop_contact_sheet,"Subjective crop-level visual tag, not an official dataset annotation. "
data/raw/dataset_b/subset/PATCHES/OVERCAST/2015-12-18/camera6/O_2015-12-18_12.21_C06_313.jpg,1,dataset_b,06,2015-12-18,OVERCAST,DARK,PARTIAL,2015-12-18_12.21,313,external,a2f1defa0a428968401f9fb2c9ffdb3c9bc7361726fef9d8491a83331e139fbf,25,assistant_visual_review_of_original_crop_contact_sheet,"Subjective crop-level visual tag, not an official dataset annotation. Visible foreground branches, post, person, or neighboring vehicle intrudes into crop. Visually low illumination or very dark appearance. "
data/raw/dataset_b/subset/PATCHES/OVERCAST/2015-12-18/camera7/O_2015-12-18_09.24_C07_318.jpg,0,dataset_b,07,2015-12-18,OVERCAST,DARK,NONE,2015-12-18_09.24,318,external,d796911997062a96fc15f0219ac8af39969ba7448d550d78ece7384256adf429,26,assistant_visual_review_of_original_crop_contact_sheet,"Subjective crop-level visual tag, not an official dataset annotation. Visually low illumination or very dark appearance. "
data/raw/dataset_b/subset/PATCHES/OVERCAST/2015-12-19/camera1/O_2015-12-19_14.18_C01_184.jpg,1,dataset_b,01,2015-12-19,OVERCAST,NORMAL,PARTIAL,2015-12-19_14.18,184,external,e3c3ea588ab3cc91f08fb9073d7cf5ee229f324267144f6cf65d0874067c33fa,27,assistant_visual_review_of_original_crop_contact_sheet,"Subjective crop-level visual tag, not an official dataset annotation. Visible foreground branches, post, person, or neighboring vehicle intrudes into crop. "
data/raw/dataset_b/subset/PATCHES/OVERCAST/2015-12-19/camera6/O_2015-12-19_12.22_C06_304.jpg,0,dataset_b,06,2015-12-19,OVERCAST,NORMAL,NONE,2015-12-19_12.22,304,external,307ec603c2eb3e6b9b18abab137622c331b822670ff4bc94124f0ba3fc15e810,28,assistant_visual_review_of_original_crop_contact_sheet,"Subjective crop-level visual tag, not an official dataset annotation. "
data/raw/dataset_b/subset/PATCHES/OVERCAST/2015-12-19/camera7/O_2015-12-19_09.24_C07_240.jpg,0,dataset_b,07,2015-12-19,OVERCAST,NORMAL,NONE,2015-12-19_09.24,240,external,f6e75d1f643a895559cb55c6dd380974a81463e3659a9754c76c5a650b6be22b,29,assistant_visual_review_of_original_crop_contact_sheet,"Subjective crop-level visual tag, not an official dataset annotation. "
data/raw/dataset_b/subset/PATCHES/OVERCAST/2015-12-19/camera8/O_2015-12-19_14.36_C08_319.jpg,0,dataset_b,08,2015-12-19,OVERCAST,NORMAL,NONE,2015-12-19_14.36,319,external,1621ee354b76887e425af041493ccbc7312cf4e46d8b5d2e84f8afe36e789a93,30,assistant_visual_review_of_original_crop_contact_sheet,"Subjective crop-level visual tag, not an official dataset annotation. "
data/raw/dataset_b/subset/PATCHES/OVERCAST/2015-12-19/camera9/O_2015-12-19_13.24_C09_217.jpg,1,dataset_b,09,2015-12-19,OVERCAST,NORMAL,NONE,2015-12-19_13.24,217,external,4d7aba791a5fa76334dcede404d86ab4ec90ee729ee264f2acc09ba369e2c89e,31,assistant_visual_review_of_original_crop_contact_sheet,"Subjective crop-level visual tag, not an official dataset annotation. "
data/raw/dataset_b/subset/PATCHES/RAINY/2015-11-21/camera4/R_2015-11-21_08.46_C04_196.jpg,1,dataset_b,04,2015-11-21,RAINY,NORMAL,NONE,2015-11-21_08.46,196,external,b8608b63f2d9d9484fcf31a0238ccc3ae5e12b1743440f53d52eb4acae77df48,32,assistant_visual_review_of_original_crop_contact_sheet,"Subjective crop-level visual tag, not an official dataset annotation. "
data/raw/dataset_b/subset/PATCHES/RAINY/2015-11-21/camera9/R_2015-11-21_10.17_C09_331.jpg,1,dataset_b,09,2015-11-21,RAINY,NORMAL,PARTIAL,2015-11-21_10.17,331,external,18414b2b6e9315400284e5b75185e8a9bc53dfab4f08d4c1c47f5e151af13296,33,assistant_visual_review_of_original_crop_contact_sheet,"Subjective crop-level visual tag, not an official dataset annotation. Visible foreground branches, post, person, or neighboring vehicle intrudes into crop. "
data/raw/dataset_b/subset/PATCHES/RAINY/2015-11-21/camera9/R_2015-11-21_17.17_C09_254.jpg,0,dataset_b,09,2015-11-21,RAINY,DARK,,2015-11-21_17.17,254,external,5eef0b4316f73345e7bef8ef9c47a8015acd07214913374e6dbecb302130deaf,34,assistant_visual_review_of_original_crop_contact_sheet,"Crop is almost black: DARK is visible, but physical occlusion cannot be assessed. Source occupancy label retained."
data/raw/dataset_b/subset/PATCHES/RAINY/2015-12-22/camera3/R_2015-12-22_07.48_C03_190.jpg,0,dataset_b,03,2015-12-22,RAINY,DARK,PARTIAL,2015-12-22_07.48,190,external,48f418116dc98a948fc8ef4bc37c7fc883e7ab72c82ae6f5dba2f6fe8cc43678,35,assistant_visual_review_of_original_crop_contact_sheet,"Subjective crop-level visual tag, not an official dataset annotation. Visible foreground branches, post, person, or neighboring vehicle intrudes into crop. Visually low illumination or very dark appearance. "
data/raw/dataset_b/subset/PATCHES/RAINY/2015-12-22/camera3/R_2015-12-22_14.48_C03_605.jpg,1,dataset_b,03,2015-12-22,RAINY,NORMAL,NONE,2015-12-22_14.48,605,external,0d6cd15637123a254b8d52292d3afb981de9fe3aebc17ded8a73ddedf368701e,36,assistant_visual_review_of_original_crop_contact_sheet,"Subjective crop-level visual tag, not an official dataset annotation. "
data/raw/dataset_b/subset/PATCHES/RAINY/2015-12-22/camera4/R_2015-12-22_15.51_C04_264.jpg,0,dataset_b,04,2015-12-22,RAINY,NORMAL,NONE,2015-12-22_15.51,264,external,2e174d5db4c3506fd0336cc9a683a8f25cb687c63ea1237846d33a6694ffd9d6,37,assistant_visual_review_of_original_crop_contact_sheet,"Subjective crop-level visual tag, not an official dataset annotation. "
data/raw/dataset_b/subset/PATCHES/RAINY/2015-12-22/camera7/R_2015-12-22_16.54_C07_284.jpg,1,dataset_b,07,2015-12-22,RAINY,NORMAL,NONE,2015-12-22_16.54,284,external,94b474038129de078eb89d4c8c6fb63603cf5033ac8f0f89fd0fb5a28c5a6fb8,38,assistant_visual_review_of_original_crop_contact_sheet,"Subjective crop-level visual tag, not an official dataset annotation. "
data/raw/dataset_b/subset/PATCHES/RAINY/2015-12-22/camera9/R_2015-12-22_14.24_C09_326.jpg,0,dataset_b,09,2015-12-22,RAINY,NORMAL,NONE,2015-12-22_14.24,326,external,b2cbd1536d3389c51e80a94a3447b225d6f80bdf04ffe02e7db4450d98312ed4,39,assistant_visual_review_of_original_crop_contact_sheet,"Subjective crop-level visual tag, not an official dataset annotation. "
data/raw/dataset_b/subset/PATCHES/RAINY/2016-01-08/camera1/R_2016-01-08_11.19_C01_224.jpg,1,dataset_b,01,2016-01-08,RAINY,DARK,HEAVY,2016-01-08_11.19,224,external,f9be2a59a29fe3f47d17a5eb96114e888bfdcb219c69a55f4ada85c847f9de32,40,assistant_visual_review_of_original_crop_contact_sheet,"Subjective crop-level visual tag, not an official dataset annotation. Visible foreground branches, post, person, or neighboring vehicle intrudes into crop. Visually low illumination or very dark appearance. "
data/raw/dataset_b/subset/PATCHES/RAINY/2016-01-08/camera9/R_2016-01-08_15.55_C09_617.jpg,1,dataset_b,09,2016-01-08,RAINY,NORMAL,NONE,2016-01-08_15.55,617,external,fdb01025e6228db895057c39e30f428c09364e142c3ef5c3f1f571fe300d560c,41,assistant_visual_review_of_original_crop_contact_sheet,"Subjective crop-level visual tag, not an official dataset annotation. "
data/raw/dataset_b/subset/PATCHES/RAINY/2016-01-09/camera1/R_2016-01-09_13.19_C01_186.jpg,1,dataset_b,01,2016-01-09,RAINY,NORMAL,HEAVY,2016-01-09_13.19,186,external,995ba98cadd9263265eae0ed6cbf7ff83b631f160b53c5327d11e490cbe5a139,42,assistant_visual_review_of_original_crop_contact_sheet,"Subjective crop-level visual tag, not an official dataset annotation. Visible foreground branches, post, person, or neighboring vehicle intrudes into crop. "
data/raw/dataset_b/subset/PATCHES/RAINY/2016-01-09/camera2/R_2016-01-09_16.53_C02_221.jpg,1,dataset_b,02,2016-01-09,RAINY,NORMAL,NONE,2016-01-09_16.53,221,external,9e3f739634d508996a5ed215ff5c048dd4d443b97eefaf820f86d546181fe019,43,assistant_visual_review_of_original_crop_contact_sheet,"Subjective crop-level visual tag, not an official dataset annotation. "
data/raw/dataset_b/subset/PATCHES/RAINY/2016-01-09/camera8/R_2016-01-09_13.43_C08_315.jpg,0,dataset_b,08,2016-01-09,RAINY,NORMAL,HEAVY,2016-01-09_13.43,315,external,c4f93453b0672e2e4729105656f45d3aebcb55fb840d4336a7129acb22a40c4d,44,assistant_visual_review_of_original_crop_contact_sheet,"Subjective crop-level visual tag, not an official dataset annotation. Visible foreground branches, post, person, or neighboring vehicle intrudes into crop. "
data/raw/dataset_b/subset/PATCHES/RAINY/2016-01-14/camera4/R_2016-01-14_09.37_C04_266.jpg,1,dataset_b,04,2016-01-14,RAINY,NORMAL,NONE,2016-01-14_09.37,266,external,d79f4632dcfa36698366c19c6bf37bf21d5b6baf087ffe2b5927eca202ad3d4d,45,assistant_visual_review_of_original_crop_contact_sheet,"Subjective crop-level visual tag, not an official dataset annotation. "
data/raw/dataset_b/subset/PATCHES/RAINY/2016-01-14/camera6/R_2016-01-14_08.08_C06_311.jpg,0,dataset_b,06,2016-01-14,RAINY,NORMAL,NONE,2016-01-14_08.08,311,external,ea0cafd9ea9c5377151d86450fed2ea7ebbe9f1d1513f73b6ae7c1f43b217b05,46,assistant_visual_review_of_original_crop_contact_sheet,"Subjective crop-level visual tag, not an official dataset annotation. "
data/raw/dataset_b/subset/PATCHES/RAINY/2016-02-12/camera9/R_2016-02-12_13.42_C09_254.jpg,1,dataset_b,09,2016-02-12,RAINY,NORMAL,NONE,2016-02-12_13.42,254,external,354e0dcbf5777ee5074c7a98decf4895b72190cd8c6e05e23fbfc6057afde03c,47,assistant_visual_review_of_original_crop_contact_sheet,"Subjective crop-level visual tag, not an official dataset annotation. "
data/raw/dataset_b/subset/PATCHES/SUNNY/2015-11-12/camera1/S_2015-11-12_07.09_C01_224.jpg,0,dataset_b,01,2015-11-12,SUNNY,NORMAL,NONE,2015-11-12_07.09,224,external,503c034880ece4bfe7ac0b6b6c303856dfa77035e56f408bb411378ed55809d7,48,assistant_visual_review_of_original_crop_contact_sheet,"Subjective crop-level visual tag, not an official dataset annotation. "
data/raw/dataset_b/subset/PATCHES/SUNNY/2015-11-12/camera1/S_2015-11-12_14.09_C01_225.jpg,1,dataset_b,01,2015-11-12,SUNNY,NORMAL,NONE,2015-11-12_14.09,225,external,97951bde20d93e754c69c56919a98413fe3c6191612a996f2ebebbba1df7c01d,49,assistant_visual_review_of_original_crop_contact_sheet,"Subjective crop-level visual tag, not an official dataset annotation. "
data/raw/dataset_b/subset/PATCHES/SUNNY/2015-11-12/camera5/S_2015-11-12_16.47_C05_297.jpg,1,dataset_b,05,2015-11-12,SUNNY,SHADOW,PARTIAL,2015-11-12_16.47,297,external,ca906b41b3208f9be667851f192648e899ee1cbe45ed703122203c2975393741,50,assistant_visual_review_of_original_crop_contact_sheet,"Subjective crop-level visual tag, not an official dataset annotation. Visible foreground branches, post, person, or neighboring vehicle intrudes into crop. Visible uneven cast-shadow region. "
data/raw/dataset_b/subset/PATCHES/SUNNY/2015-11-12/camera7/S_2015-11-12_12.47_C07_611.jpg,1,dataset_b,07,2015-11-12,SUNNY,BRIGHT,NONE,2015-11-12_12.47,611,external,de1ca64283b263c4a0d4b058e0ef8b1431b2387dd64fe229ee2eef9ccaffd164,51,assistant_visual_review_of_original_crop_contact_sheet,"Subjective crop-level visual tag, not an official dataset annotation. Visible strong reflection or glare. "
data/raw/dataset_b/subset/PATCHES/SUNNY/2015-11-12/camera7/S_2015-11-12_16.17_C07_211.jpg,0,dataset_b,07,2015-11-12,SUNNY,NORMAL,PARTIAL,2015-11-12_16.17,211,external,adce1379a1b03fb87f11c1980a244953997b9d6ac10d7a41fe3ac33fb19d7a51,52,assistant_visual_review_of_original_crop_contact_sheet,"Subjective crop-level visual tag, not an official dataset annotation. Visible foreground branches, post, person, or neighboring vehicle intrudes into crop. "
data/raw/dataset_b/subset/PATCHES/SUNNY/2015-11-12/camera8/S_2015-11-12_10.19_C08_321.jpg,1,dataset_b,08,2015-11-12,SUNNY,NORMAL,PARTIAL,2015-11-12_10.19,321,external,5ca7b9331764d48dd28d208b462fbc873df172e6efc1b8c651ca0e2d9655d207,53,assistant_visual_review_of_original_crop_contact_sheet,"Subjective crop-level visual tag, not an official dataset annotation. Visible foreground branches, post, person, or neighboring vehicle intrudes into crop. "
data/raw/dataset_b/subset/PATCHES/SUNNY/2015-11-22/camera1/S_2015-11-22_16.40_C01_186.jpg,1,dataset_b,01,2015-11-22,SUNNY,NORMAL,HEAVY,2015-11-22_16.40,186,external,fa752cf76a04483bdec2a87c3dceaef336a2f5223afd8cfaf946fd714a370535,54,assistant_visual_review_of_original_crop_contact_sheet,"Subjective crop-level visual tag, not an official dataset annotation. Visible foreground branches, post, person, or neighboring vehicle intrudes into crop. "
data/raw/dataset_b/subset/PATCHES/SUNNY/2015-11-22/camera6/S_2015-11-22_12.18_C06_205.jpg,1,dataset_b,06,2015-11-22,SUNNY,SHADOW,PARTIAL,2015-11-22_12.18,205,external,12a28b83e0af42f98c4f6b0dce97d1ecdbbd4b8d57a624e4a5b57b2e1d87cb98,55,assistant_visual_review_of_original_crop_contact_sheet,"Subjective crop-level visual tag, not an official dataset annotation. Visible foreground branches, post, person, or neighboring vehicle intrudes into crop. Visible uneven cast-shadow region. "
data/raw/dataset_b/subset/PATCHES/SUNNY/2015-11-22/camera7/S_2015-11-22_11.49_C07_315.jpg,0,dataset_b,07,2015-11-22,SUNNY,SHADOW,NONE,2015-11-22_11.49,315,external,a021c6ab9185592047c782f508b5cf5c74e2680090f87a2330ea5804cd4198dd,56,assistant_visual_review_of_original_crop_contact_sheet,"Subjective crop-level visual tag, not an official dataset annotation. Visible uneven cast-shadow region. "
data/raw/dataset_b/subset/PATCHES/SUNNY/2015-11-22/camera8/S_2015-11-22_12.07_C08_214.jpg,0,dataset_b,08,2015-11-22,SUNNY,NORMAL,PARTIAL,2015-11-22_12.07,214,external,8a55480245dfdf63c30f2393e1edb27129eff71f8fdfb57c7ef508870569ef65,57,assistant_visual_review_of_original_crop_contact_sheet,"Subjective crop-level visual tag, not an official dataset annotation. Visible foreground branches, post, person, or neighboring vehicle intrudes into crop. "
data/raw/dataset_b/subset/PATCHES/SUNNY/2015-11-22/camera9/S_2015-11-22_09.17_C09_331.jpg,1,dataset_b,09,2015-11-22,SUNNY,NORMAL,HEAVY,2015-11-22_09.17,331,external,04052817d43ec9d4c20a38a0663f72d807d8e9cefae41d1872d55676f79adb79,58,assistant_visual_review_of_original_crop_contact_sheet,"Subjective crop-level visual tag, not an official dataset annotation. Visible foreground branches, post, person, or neighboring vehicle intrudes into crop. "
data/raw/dataset_b/subset/PATCHES/SUNNY/2015-11-27/camera1/S_2015-11-27_09.10_C01_225.jpg,0,dataset_b,01,2015-11-27,SUNNY,NORMAL,NONE,2015-11-27_09.10,225,external,bba33463a17c1701943d083e96528e9b5abc1934e3a5e81b9f5fea197366f826,59,assistant_visual_review_of_original_crop_contact_sheet,"Subjective crop-level visual tag, not an official dataset annotation. "
data/raw/dataset_b/subset/PATCHES/SUNNY/2015-11-27/camera2/S_2015-11-27_09.14_C02_186.jpg,1,dataset_b,02,2015-11-27,SUNNY,NORMAL,PARTIAL,2015-11-27_09.14,186,external,16430a775c2aa086148df9ad9e6ef222e458c23a46cfc1381fbcc709182bbfc1,60,assistant_visual_review_of_original_crop_contact_sheet,"Subjective crop-level visual tag, not an official dataset annotation. Visible foreground branches, post, person, or neighboring vehicle intrudes into crop. "
data/raw/dataset_b/subset/PATCHES/SUNNY/2015-11-27/camera3/S_2015-11-27_07.16_C03_193.jpg,0,dataset_b,03,2015-11-27,SUNNY,NORMAL,PARTIAL,2015-11-27_07.16,193,external,520ed4e1834823fa1b83f16e6b0cb3091bca16074b1c5b412b235f8a3bfde33d,61,assistant_visual_review_of_original_crop_contact_sheet,"Subjective crop-level visual tag, not an official dataset annotation. Visible foreground branches, post, person, or neighboring vehicle intrudes into crop. "
data/raw/dataset_b/subset/PATCHES/SUNNY/2015-11-27/camera3/S_2015-11-27_12.16_C03_189.jpg,1,dataset_b,03,2015-11-27,SUNNY,NORMAL,PARTIAL,2015-11-27_12.16,189,external,7adb7553ff3c5135a675ec3b423ad6807275f982f6f494c616da3684d298e5ca,62,assistant_visual_review_of_original_crop_contact_sheet,"Subjective crop-level visual tag, not an official dataset annotation. Visible foreground branches, post, person, or neighboring vehicle intrudes into crop. "
data/raw/dataset_b/subset/PATCHES/SUNNY/2015-11-27/camera6/S_2015-11-27_16.18_C06_238.jpg,1,dataset_b,06,2015-11-27,SUNNY,NORMAL,NONE,2015-11-27_16.18,238,external,7202f1a04cc0c2cc8d0477020438604c75bf1c71639cc00c18a6f4cc47755dab,63,assistant_visual_review_of_original_crop_contact_sheet,"Subjective crop-level visual tag, not an official dataset annotation. "
data/raw/dataset_b/subset/PATCHES/SUNNY/2015-12-10/camera1/S_2015-12-10_09.11_C01_603.jpg,0,dataset_b,01,2015-12-10,SUNNY,NORMAL,NONE,2015-12-10_09.11,603,external,200da4fab36a06587616613837938874a3b21bb31e09f1d1b958f3dd1fa5a63a,64,assistant_visual_review_of_original_crop_contact_sheet,"Subjective crop-level visual tag, not an official dataset annotation. "
data/raw/dataset_b/subset/PATCHES/SUNNY/2015-12-10/camera3/S_2015-12-10_08.16_C03_262.jpg,0,dataset_b,03,2015-12-10,SUNNY,NORMAL,NONE,2015-12-10_08.16,262,external,e81502c108e3cf5aa9e94e8fc8871310ffac0cea087bffc1e0c049a4ea93563c,65,assistant_visual_review_of_original_crop_contact_sheet,"Subjective crop-level visual tag, not an official dataset annotation. "
data/raw/dataset_b/subset/PATCHES/SUNNY/2015-12-10/camera4/S_2015-12-10_08.18_C04_226.jpg,0,dataset_b,04,2015-12-10,SUNNY,SHADOW,NONE,2015-12-10_08.18,226,external,c525322c2d1fe721896e51193c614c12e50173612e040686e3c8dc79f2fb19cf,66,assistant_visual_review_of_original_crop_contact_sheet,"Subjective crop-level visual tag, not an official dataset annotation. Visible uneven cast-shadow region. "
data/raw/dataset_b/subset/PATCHES/SUNNY/2015-12-10/camera4/S_2015-12-10_15.48_C04_225.jpg,1,dataset_b,04,2015-12-10,SUNNY,NORMAL,NONE,2015-12-10_15.48,225,external,eb4164f83f8d5e36d04ca42cf55c0ad4671df1df4fc05c7c468fec5b45720f57,67,assistant_visual_review_of_original_crop_contact_sheet,"Subjective crop-level visual tag, not an official dataset annotation. "
data/raw/dataset_b/subset/PATCHES/SUNNY/2015-12-17/camera2/S_2015-12-17_15.47_C02_187.jpg,1,dataset_b,02,2015-12-17,SUNNY,NORMAL,NONE,2015-12-17_15.47,187,external,5285fad6c225b68b2de1aa090de00cee9136f383a03f6417b3e8750ce39898a5,68,assistant_visual_review_of_original_crop_contact_sheet,"Subjective crop-level visual tag, not an official dataset annotation. "
data/raw/dataset_b/subset/PATCHES/SUNNY/2015-12-17/camera2/S_2015-12-17_16.17_C02_185.jpg,0,dataset_b,02,2015-12-17,SUNNY,NORMAL,PARTIAL,2015-12-17_16.17,185,external,c7ecdde1403bc00fa5a6335d22cf565923f4572bd875934dc66232d6efae392b,69,assistant_visual_review_of_original_crop_contact_sheet,"Subjective crop-level visual tag, not an official dataset annotation. Visible foreground branches, post, person, or neighboring vehicle intrudes into crop. "
data/raw/dataset_b/subset/PATCHES/SUNNY/2015-12-17/camera5/S_2015-12-17_08.56_C05_198.jpg,0,dataset_b,05,2015-12-17,SUNNY,SHADOW,PARTIAL,2015-12-17_08.56,198,external,be2249147e054a8c49afd8cad55750b31db0ea318d1d4c911e25f8124042a2a6,70,assistant_visual_review_of_original_crop_contact_sheet,"Subjective crop-level visual tag, not an official dataset annotation. Visible foreground branches, post, person, or neighboring vehicle intrudes into crop. Visible uneven cast-shadow region. "
data/raw/dataset_b/subset/PATCHES/SUNNY/2015-12-17/camera6/S_2015-12-17_16.51_C06_271.jpg,1,dataset_b,06,2015-12-17,SUNNY,NORMAL,NONE,2015-12-17_16.51,271,external,ddea494cf33e2b2dd1373df070b6cf4c774e2c6ee2c21a8588df704fdb5ffec0,71,assistant_visual_review_of_original_crop_contact_sheet,"Subjective crop-level visual tag, not an official dataset annotation. "
data/raw/dataset_b/subset/PATCHES/SUNNY/2015-12-17/camera7/S_2015-12-17_09.24_C07_274.jpg,0,dataset_b,07,2015-12-17,SUNNY,SHADOW,NONE,2015-12-17_09.24,274,external,4539f0d54527329fb34a43e1fa3d95859fff8bc066478375d8474fd9ea24fd28,72,assistant_visual_review_of_original_crop_contact_sheet,"Subjective crop-level visual tag, not an official dataset annotation. Visible uneven cast-shadow region. "
data/raw/dataset_b/subset/PATCHES/SUNNY/2015-12-17/camera8/S_2015-12-17_08.40_C08_613.jpg,0,dataset_b,08,2015-12-17,SUNNY,NORMAL,NONE,2015-12-17_08.40,613,external,3d255eac90b1eb135f1ddc9982ee82cb16244093fe644040ba33bc5b1b844c90,73,assistant_visual_review_of_original_crop_contact_sheet,"Subjective crop-level visual tag, not an official dataset annotation. "
data/raw/dataset_b/subset/PATCHES/SUNNY/2016-01-12/camera2/S_2016-01-12_08.53_C02_188.jpg,0,dataset_b,02,2016-01-12,SUNNY,NORMAL,NONE,2016-01-12_08.53,188,external,a612a3ead393e2ecb7eea09ec1082b0ebdc41bd2b35d0d16e75db0c27f0618ee,74,assistant_visual_review_of_original_crop_contact_sheet,"Subjective crop-level visual tag, not an official dataset annotation. "
data/raw/dataset_b/subset/PATCHES/SUNNY/2016-01-12/camera4/S_2016-01-12_16.19_C04_606.jpg,0,dataset_b,04,2016-01-12,SUNNY,NORMAL,NONE,2016-01-12_16.19,606,external,fb6ae3a62ceb33f375aec524dca459d85460f0129e2976498199295f5bd913a8,75,assistant_visual_review_of_original_crop_contact_sheet,"Subjective crop-level visual tag, not an official dataset annotation. "
data/raw/dataset_b/subset/PATCHES/SUNNY/2016-01-12/camera5/S_2016-01-12_13.50_C05_304.jpg,0,dataset_b,05,2016-01-12,SUNNY,NORMAL,NONE,2016-01-12_13.50,304,external,cec73d341187bb641b8874c1341ead1722a0301f29b362470ab7ba4d4ac1c7bd,76,assistant_visual_review_of_original_crop_contact_sheet,"Subjective crop-level visual tag, not an official dataset annotation. "
data/raw/dataset_b/subset/PATCHES/SUNNY/2016-01-12/camera9/S_2016-01-12_10.56_C09_217.jpg,1,dataset_b,09,2016-01-12,SUNNY,BRIGHT,NONE,2016-01-12_10.56,217,external,23e4e344dae76309489fabd9dcc18511c215239d99d2148547cce361cd3c5224,77,assistant_visual_review_of_original_crop_contact_sheet,"Subjective crop-level visual tag, not an official dataset annotation. Visible strong reflection or glare. "
data/raw/dataset_b/subset/PATCHES/SUNNY/2016-01-13/camera1/S_2016-01-13_16.18_C01_225.jpg,0,dataset_b,01,2016-01-13,SUNNY,SHADOW,PARTIAL,2016-01-13_16.18,225,external,c9333bb0eddd716156a44a4f285fb6a0777e4f4887af2b29ff92b9d188c610a9,78,assistant_visual_review_of_original_crop_contact_sheet,"Subjective crop-level visual tag, not an official dataset annotation. Visible foreground branches, post, person, or neighboring vehicle intrudes into crop. Visible uneven cast-shadow region. "
data/raw/dataset_b/subset/PATCHES/SUNNY/2016-01-13/camera6/S_2016-01-13_08.20_C06_271.jpg,0,dataset_b,06,2016-01-13,SUNNY,NORMAL,NONE,2016-01-13_08.20,271,external,4c327f2ae3bb928390e3d15d78e5e7787ad860619e796721ccd9dbf4d742c053,79,assistant_visual_review_of_original_crop_contact_sheet,"Subjective crop-level visual tag, not an official dataset annotation. "
data/raw/dataset_b/subset/PATCHES/SUNNY/2016-01-13/camera6/S_2016-01-13_10.50_C06_610.jpg,1,dataset_b,06,2016-01-13,SUNNY,BRIGHT,NONE,2016-01-13_10.50,610,external,902fbf07780dec56fb89cf61e41ea1559a61d5be5e4cd7a178339ec3f8b5549b,80,assistant_visual_review_of_original_crop_contact_sheet,"Subjective crop-level visual tag, not an official dataset annotation. Visible strong reflection or glare. "
data/raw/dataset_b/subset/PATCHES/SUNNY/2016-01-15/camera1/S_2016-01-15_17.05_C01_194.jpg,0,dataset_b,01,2016-01-15,SUNNY,SHADOW,NONE,2016-01-15_17.05,194,external,e0e49c8723adba9abd4c111d12b794575a1dab6f7e8a7aba3867ab5f66a1a215,81,assistant_visual_review_of_original_crop_contact_sheet,"Subjective crop-level visual tag, not an official dataset annotation. Visible uneven cast-shadow region. "
data/raw/dataset_b/subset/PATCHES/SUNNY/2016-01-15/camera3/S_2016-01-15_09.05_C03_297.jpg,0,dataset_b,03,2016-01-15,SUNNY,NORMAL,HEAVY,2016-01-15_09.05,297,external,bcdb1e63a623212c5e5b1480b0adac93c5c58deb35e1deac1ff6d224318049f8,82,assistant_visual_review_of_original_crop_contact_sheet,"Subjective crop-level visual tag, not an official dataset annotation. Visible foreground branches, post, person, or neighboring vehicle intrudes into crop. "
data/raw/dataset_b/subset/PATCHES/SUNNY/2016-01-15/camera4/S_2016-01-15_07.37_C04_266.jpg,0,dataset_b,04,2016-01-15,SUNNY,NORMAL,NONE,2016-01-15_07.37,266,external,dbbdc9e9d5280cde56664c432bd5810385cf0c2395a06f1da73bd787ae5278f2,83,assistant_visual_review_of_original_crop_contact_sheet,"Subjective crop-level visual tag, not an official dataset annotation. "
data/raw/dataset_b/subset/PATCHES/SUNNY/2016-01-15/camera5/S_2016-01-15_12.40_C05_235.jpg,1,dataset_b,05,2016-01-15,SUNNY,SHADOW,NONE,2016-01-15_12.40,235,external,a6597a099c33830874b15cce7541bec370f84f4fc829811a14c8e91de6b19cb9,84,assistant_visual_review_of_original_crop_contact_sheet,"Subjective crop-level visual tag, not an official dataset annotation. Visible uneven cast-shadow region. "
data/raw/dataset_b/subset/PATCHES/SUNNY/2016-01-15/camera6/S_2016-01-15_09.38_C06_205.jpg,1,dataset_b,06,2016-01-15,SUNNY,BRIGHT,PARTIAL,2016-01-15_09.38,205,external,cd7b170240bf6d758d6a5e866f1120402683b245b8fe34dd781948f4b72cd53e,85,assistant_visual_review_of_original_crop_contact_sheet,"Subjective crop-level visual tag, not an official dataset annotation. Visible foreground branches, post, person, or neighboring vehicle intrudes into crop. Visible strong reflection or glare. "
data/raw/dataset_b/subset/PATCHES/SUNNY/2016-01-15/camera7/S_2016-01-15_09.11_C07_318.jpg,1,dataset_b,07,2016-01-15,SUNNY,NORMAL,NONE,2016-01-15_09.11,318,external,a4c81e6832d479918fcaa1686e01743081dc366de536b3390752ca62a4e955d5,86,assistant_visual_review_of_original_crop_contact_sheet,"Subjective crop-level visual tag, not an official dataset annotation. "
data/raw/dataset_b/subset/PATCHES/SUNNY/2016-01-15/camera7/S_2016-01-15_16.41_C07_280.jpg,0,dataset_b,07,2016-01-15,SUNNY,NORMAL,NONE,2016-01-15_16.41,280,external,a72c673e253899ce851d68baaa82d6cfa7e1118a1fc2c50d454bafce18fb1daf,87,assistant_visual_review_of_original_crop_contact_sheet,"Subjective crop-level visual tag, not an official dataset annotation. "
data/raw/dataset_b/subset/PATCHES/SUNNY/2016-01-16/camera1/S_2016-01-16_07.35_C01_186.jpg,1,dataset_b,01,2016-01-16,SUNNY,DARK,HEAVY,2016-01-16_07.35,186,external,fedf5b776cb198522162c726cf1b98eacb06bcc81e04bb0b08b0af1691b22361,88,assistant_visual_review_of_original_crop_contact_sheet,"Subjective crop-level visual tag, not an official dataset annotation. Visible foreground branches, post, person, or neighboring vehicle intrudes into crop. Visually low illumination or very dark appearance. "
data/raw/dataset_b/subset/PATCHES/SUNNY/2016-01-16/camera1/S_2016-01-16_14.05_C01_224.jpg,0,dataset_b,01,2016-01-16,SUNNY,NORMAL,NONE,2016-01-16_14.05,224,external,c66cf67e3e92de9a24b5be4e25834c5d03b0a57787b23c3d82c02b256da136ff,89,assistant_visual_review_of_original_crop_contact_sheet,"Subjective crop-level visual tag, not an official dataset annotation. "
data/raw/dataset_b/subset/PATCHES/SUNNY/2016-01-16/camera2/S_2016-01-16_12.04_C02_188.jpg,0,dataset_b,02,2016-01-16,SUNNY,NORMAL,NONE,2016-01-16_12.04,188,external,42020401c37abb0f6914888de818f4df9d871b7065686b54d1b04fdee49f92ba,90,assistant_visual_review_of_original_crop_contact_sheet,"Subjective crop-level visual tag, not an official dataset annotation. "
data/raw/dataset_b/subset/PATCHES/SUNNY/2016-01-16/camera6/S_2016-01-16_15.39_C06_203.jpg,1,dataset_b,06,2016-01-16,SUNNY,NORMAL,PARTIAL,2016-01-16_15.39,203,external,961224e890587f909410fa61f9b0765bc16d6015d0cce2b93781c7d6a612ea01,91,assistant_visual_review_of_original_crop_contact_sheet,"Subjective crop-level visual tag, not an official dataset annotation. Visible foreground branches, post, person, or neighboring vehicle intrudes into crop. "
data/raw/dataset_b/subset/PATCHES/SUNNY/2016-01-16/camera8/S_2016-01-16_09.49_C08_290.jpg,0,dataset_b,08,2016-01-16,SUNNY,NORMAL,NONE,2016-01-16_09.49,290,external,84a262b2739191599fea39799f49f369e92158ef12b2d326fb439a1800685012,92,assistant_visual_review_of_original_crop_contact_sheet,"Subjective crop-level visual tag, not an official dataset annotation. "
data/raw/dataset_b/subset/PATCHES/SUNNY/2016-01-16/camera8/S_2016-01-16_15.53_C08_254.jpg,1,dataset_b,08,2016-01-16,SUNNY,NORMAL,NONE,2016-01-16_15.53,254,external,29d4a4358743b3da38059ef312c459b60088030c80e3d396dde47127e4a7deaa,93,assistant_visual_review_of_original_crop_contact_sheet,"Subjective crop-level visual tag, not an official dataset annotation. "
data/raw/dataset_b/subset/PATCHES/SUNNY/2016-01-18/camera1/S_2016-01-18_08.05_C01_605.jpg,0,dataset_b,01,2016-01-18,SUNNY,NORMAL,NONE,2016-01-18_08.05,605,external,e8fae167fff1c78659879ea043338b0c3fbda538616da700b8264f171b30c553,94,assistant_visual_review_of_original_crop_contact_sheet,"Subjective crop-level visual tag, not an official dataset annotation. "
data/raw/dataset_b/subset/PATCHES/SUNNY/2016-01-18/camera5/S_2016-01-18_10.14_C05_235.jpg,1,dataset_b,05,2016-01-18,SUNNY,NORMAL,NONE,2016-01-18_10.14,235,external,4a8bcc698922deda37190fcf67345ea537e05f41d30ba3bbc737d42d12c20b1b,95,assistant_visual_review_of_original_crop_contact_sheet,"Subjective crop-level visual tag, not an official dataset annotation. "
data/raw/dataset_b/subset/PATCHES/SUNNY/2016-01-18/camera6/S_2016-01-18_13.40_C06_276.jpg,0,dataset_b,06,2016-01-18,SUNNY,SHADOW,PARTIAL,2016-01-18_13.40,276,external,cde631b5a2888dd7fb26814dd7cdeac4b320b19414bd39e85417e81d3a8fefc1,96,assistant_visual_review_of_original_crop_contact_sheet,"Subjective crop-level visual tag, not an official dataset annotation. Visible foreground branches, post, person, or neighboring vehicle intrudes into crop. Visible uneven cast-shadow region. "
